[{"created_at":"Fri May 29 05:45:36 +0000 2015","id":604161648698482688,"id_str":"604161648698482688","text":"Check out 'Lambert - Restaurant \/ Cafe \/ Pub Template' on #EnvatoMarket by @katokli3mmm #themeforest http:\/\/t.co\/MjiUUPZpgg","source":"\u003ca href=\"http:\/\/twitter.com\" rel=\"nofollow\"\u003eTwitter Web Client\u003c\/a\u003e","truncated":false,"in_reply_to_status_id":null,"in_reply_to_status_id_str":null,"in_reply_to_user_id":null,"in_reply_to_user_id_str":null,"in_reply_to_screen_name":null,"user":{"id":335594988,"id_str":"335594988","name":"KWST","screen_name":"katokli3mmm","location":"","description":"","url":null,"entities":{"description":{"urls":[]}},"protected":false,"followers_count":23,"friends_count":29,"listed_count":0,"created_at":"Thu Jul 14 22:56:09 +0000 2011","favourites_count":5,"utc_offset":10800,"time_zone":"Kyiv","geo_enabled":false,"verified":false,"statuses_count":64,"lang":"ru","contributors_enabled":false,"is_translator":false,"is_translation_enabled":false,"profile_background_color":"B2DFDA","profile_background_image_url":"http:\/\/abs.twimg.com\/images\/themes\/theme13\/bg.gif","profile_background_image_url_https":"https:\/\/abs.twimg.com\/images\/themes\/theme13\/bg.gif","profile_background_tile":false,"profile_image_url":"http:\/\/pbs.twimg.com\/profile_images\/442721738657243136\/BFlg-3ty_normal.jpeg","profile_image_url_https":"https:\/\/pbs.twimg.com\/profile_images\/442721738657243136\/BFlg-3ty_normal.jpeg","profile_banner_url":"https:\/\/pbs.twimg.com\/profile_banners\/335594988\/1398452336","profile_link_color":"93A644","profile_sidebar_border_color":"EEEEEE","profile_sidebar_fill_color":"FFFFFF","profile_text_color":"333333","profile_use_background_image":true,"default_profile":false,"default_profile_image":false,"following":null,"follow_request_sent":null,"notifications":null},"geo":null,"coordinates":null,"place":null,"contributors":null,"is_quote_status":false,"retweet_count":0,"favorite_count":0,"entities":{"hashtags":[{"text":"EnvatoMarket","indices":[58,71]},{"text":"themeforest","indices":[88,100]}],"symbols":[],"user_mentions":[{"screen_name":"katokli3mmm","name":"KWST","id":335594988,"id_str":"335594988","indices":[75,87]}],"urls":[{"url":"http:\/\/t.co\/MjiUUPZpgg","expanded_url":"http:\/\/themeforest.net\/item\/lambert-restaurant-cafe-pub-template\/11579230?utm_source=sharetw","display_url":"themeforest.net\/item\/lambert-r\u2026","indices":[101,123]}]},"favorited":false,"retweeted":false,"possibly_sensitive":false,"lang":"en"},{"created_at":"Mon May 25 18:44:29 +0000 2015","id":602908108634075136,"id_str":"602908108634075136","text":"Check out 'Domik - Creative Responsive Architecture WP Theme' on #EnvatoMarket by @cththemes #themeforest http:\/\/t.co\/RVGEyTHuZn","source":"\u003ca href=\"http:\/\/twitter.com\" rel=\"nofollow\"\u003eTwitter Web Client\u003c\/a\u003e","truncated":false,"in_reply_to_status_id":null,"in_reply_to_status_id_str":null,"in_reply_to_user_id":null,"in_reply_to_user_id_str":null,"in_reply_to_screen_name":null,"user":{"id":335594988,"id_str":"335594988","name":"KWST","screen_name":"katokli3mmm","location":"","description":"","url":null,"entities":{"description":{"urls":[]}},"protected":false,"followers_count":23,"friends_count":29,"listed_count":0,"created_at":"Thu Jul 14 22:56:09 +0000 2011","favourites_count":5,"utc_offset":10800,"time_zone":"Kyiv","geo_enabled":false,"verified":false,"statuses_count":64,"lang":"ru","contributors_enabled":false,"is_translator":false,"is_translation_enabled":false,"profile_background_color":"B2DFDA","profile_background_image_url":"http:\/\/abs.twimg.com\/images\/themes\/theme13\/bg.gif","profile_background_image_url_https":"https:\/\/abs.twimg.com\/images\/themes\/theme13\/bg.gif","profile_background_tile":false,"profile_image_url":"http:\/\/pbs.twimg.com\/profile_images\/442721738657243136\/BFlg-3ty_normal.jpeg","profile_image_url_https":"https:\/\/pbs.twimg.com\/profile_images\/442721738657243136\/BFlg-3ty_normal.jpeg","profile_banner_url":"https:\/\/pbs.twimg.com\/profile_banners\/335594988\/1398452336","profile_link_color":"93A644","profile_sidebar_border_color":"EEEEEE","profile_sidebar_fill_color":"FFFFFF","profile_text_color":"333333","profile_use_background_image":true,"default_profile":false,"default_profile_image":false,"following":null,"follow_request_sent":null,"notifications":null},"geo":null,"coordinates":null,"place":null,"contributors":null,"is_quote_status":false,"retweet_count":0,"favorite_count":0,"entities":{"hashtags":[{"text":"EnvatoMarket","indices":[65,78]},{"text":"themeforest","indices":[93,105]}],"symbols":[],"user_mentions":[{"screen_name":"CTHthemes","name":"CTHthemes","id":2549127786,"id_str":"2549127786","indices":[82,92]}],"urls":[{"url":"http:\/\/t.co\/RVGEyTHuZn","expanded_url":"http:\/\/themeforest.net\/item\/domik-creative-responsive-architecture-wp-theme\/11487321?utm_source=sharetw","display_url":"themeforest.net\/item\/domik-cre\u2026","indices":[106,128]}]},"favorited":false,"retweeted":false,"possibly_sensitive":false,"lang":"en"},{"created_at":"Tue May 12 05:02:39 +0000 2015","id":597990247704723456,"id_str":"597990247704723456","text":"Check out 'Montage - Creative Photography WordPress Theme' on #EnvatoMarket by @nagaemas_tf #themeforest http:\/\/t.co\/PjlovQRwOP","source":"\u003ca href=\"http:\/\/mobile.twitter.com\" rel=\"nofollow\"\u003eMobile Web\u003c\/a\u003e","truncated":false,"in_reply_to_status_id":null,"in_reply_to_status_id_str":null,"in_reply_to_user_id":null,"in_reply_to_user_id_str":null,"in_reply_to_screen_name":null,"user":{"id":335594988,"id_str":"335594988","name":"KWST","screen_name":"katokli3mmm","location":"","description":"","url":null,"entities":{"description":{"urls":[]}},"protected":false,"followers_count":23,"friends_count":29,"listed_count":0,"created_at":"Thu Jul 14 22:56:09 +0000 2011","favourites_count":5,"utc_offset":10800,"time_zone":"Kyiv","geo_enabled":false,"verified":false,"statuses_count":64,"lang":"ru","contributors_enabled":false,"is_translator":false,"is_translation_enabled":false,"profile_background_color":"B2DFDA","profile_background_image_url":"http:\/\/abs.twimg.com\/images\/themes\/theme13\/bg.gif","profile_background_image_url_https":"https:\/\/abs.twimg.com\/images\/themes\/theme13\/bg.gif","profile_background_tile":false,"profile_image_url":"http:\/\/pbs.twimg.com\/profile_images\/442721738657243136\/BFlg-3ty_normal.jpeg","profile_image_url_https":"https:\/\/pbs.twimg.com\/profile_images\/442721738657243136\/BFlg-3ty_normal.jpeg","profile_banner_url":"https:\/\/pbs.twimg.com\/profile_banners\/335594988\/1398452336","profile_link_color":"93A644","profile_sidebar_border_color":"EEEEEE","profile_sidebar_fill_color":"FFFFFF","profile_text_color":"333333","profile_use_background_image":true,"default_profile":false,"default_profile_image":false,"following":null,"follow_request_sent":null,"notifications":null},"geo":null,"coordinates":null,"place":null,"contributors":null,"is_quote_status":false,"retweet_count":0,"favorite_count":0,"entities":{"hashtags":[{"text":"EnvatoMarket","indices":[62,75]},{"text":"themeforest","indices":[92,104]}],"symbols":[],"user_mentions":[{"screen_name":"nagaemas_tf","name":"nagaemas","id":555796268,"id_str":"555796268","indices":[79,91]}],"urls":[{"url":"http:\/\/t.co\/PjlovQRwOP","expanded_url":"http:\/\/themeforest.net\/item\/montage-creative-photography-wordpress-theme\/11341766?utm_source=sharetw","display_url":"themeforest.net\/item\/montage-c\u2026","indices":[105,127]}]},"favorited":false,"retweeted":false,"possibly_sensitive":false,"lang":"en"},{"created_at":"Sat Apr 18 08:04:53 +0000 2015","id":589338797722173441,"id_str":"589338797722173441","text":"Check out 'Domik -  Responsive  Architecture Template' on #EnvatoMarket by @katokli3mmm #themeforest http:\/\/t.co\/meQ3s4Sx7X","source":"\u003ca href=\"http:\/\/twitter.com\" rel=\"nofollow\"\u003eTwitter Web Client\u003c\/a\u003e","truncated":false,"in_reply_to_status_id":null,"in_reply_to_status_id_str":null,"in_reply_to_user_id":null,"in_reply_to_user_id_str":null,"in_reply_to_screen_name":null,"user":{"id":335594988,"id_str":"335594988","name":"KWST","screen_name":"katokli3mmm","location":"","description":"","url":null,"entities":{"description":{"urls":[]}},"protected":false,"followers_count":23,"friends_count":29,"listed_count":0,"created_at":"Thu Jul 14 22:56:09 +0000 2011","favourites_count":5,"utc_offset":10800,"time_zone":"Kyiv","geo_enabled":false,"verified":false,"statuses_count":64,"lang":"ru","contributors_enabled":false,"is_translator":false,"is_translation_enabled":false,"profile_background_color":"B2DFDA","profile_background_image_url":"http:\/\/abs.twimg.com\/images\/themes\/theme13\/bg.gif","profile_background_image_url_https":"https:\/\/abs.twimg.com\/images\/themes\/theme13\/bg.gif","profile_background_tile":false,"profile_image_url":"http:\/\/pbs.twimg.com\/profile_images\/442721738657243136\/BFlg-3ty_normal.jpeg","profile_image_url_https":"https:\/\/pbs.twimg.com\/profile_images\/442721738657243136\/BFlg-3ty_normal.jpeg","profile_banner_url":"https:\/\/pbs.twimg.com\/profile_banners\/335594988\/1398452336","profile_link_color":"93A644","profile_sidebar_border_color":"EEEEEE","profile_sidebar_fill_color":"FFFFFF","profile_text_color":"333333","profile_use_background_image":true,"default_profile":false,"default_profile_image":false,"following":null,"follow_request_sent":null,"notifications":null},"geo":null,"coordinates":null,"place":null,"contributors":null,"is_quote_status":false,"retweet_count":0,"favorite_count":0,"entities":{"hashtags":[{"text":"EnvatoMarket","indices":[58,71]},{"text":"themeforest","indices":[88,100]}],"symbols":[],"user_mentions":[{"screen_name":"katokli3mmm","name":"KWST","id":335594988,"id_str":"335594988","indices":[75,87]}],"urls":[{"url":"http:\/\/t.co\/meQ3s4Sx7X","expanded_url":"http:\/\/themeforest.net\/item\/domik-responsive-architecture-template\/11151479?utm_source=sharetw","display_url":"themeforest.net\/item\/domik-res\u2026","indices":[101,123]}]},"favorited":false,"retweeted":false,"possibly_sensitive":false,"lang":"en"}]